,Id,tarih,mevsim,yıl,ay,tatil günü mü,gün,iş günü mü,havadurumu,hava sıcaklığı,hissedilen hava sıcaklığı,nem,rüzgar hızı,kiralanan bisiklet sayısı
0,1,2011-01-01,bahar,2011,1,0,6,0,2,14.110847,18.18125,80.58330000000000,10.749882,985
1,2,2011-01-02,bahar,2011,1,0,0,0,2,14.902598000000000,17.68695,69.6087,16.652113,801
2,3,2011-01-03,bahar,2011,1,0,1,1,1,8.050924,9.47025,43.7273,16.636703,1349
3,4,2011-01-04,bahar,2011,1,0,2,1,1,8.200000000000000,10.6061,59.0435,10.739832,1562
4,5,2011-01-05,bahar,2011,1,0,3,1,1,9.305237,11.463500000000000,43.695700000000000,12.522300000000000,1600
5,6,2011-01-06,bahar,2011,1,0,4,1,1,8.378268,11.66045,51.8261,6.0008684,1606
6,7,2011-01-07,bahar,2011,1,0,5,1,2,8.057402,10.44195,49.869600000000000,11.304642,1510
7,8,2011-01-08,bahar,2011,1,0,6,0,2,6.765000000000000,8.1127,53.5833,17.875868,959
8,9,2011-01-09,bahar,2011,1,0,0,0,1,5.671653000000000,5.80875,43.416700000000000,24.25065,822
9,10,2011-01-10,bahar,2011,1,0,1,1,1,6.184153,7.544400000000000,48.2917,14.958889000000000,1321
10,11,2011-01-11,bahar,2011,1,0,2,1,2,6.932731,9.573200000000000,68.63640000000000,8.182844,1263
11,12,2011-01-12,bahar,2011,1,0,3,1,1,7.0818070000000000,8.02365,59.954500000000000,20.410009,1162
12,13,2011-01-13,bahar,2011,1,0,4,1,1,6.765000000000000,7.544150000000000,47.041700000000000,20.167000000000000,1406
13,14,2011-01-14,bahar,2011,1,0,5,1,1,6.59567,9.42065,53.7826,8.478716,1421
14,15,2011-01-15,bahar,2011,1,0,6,0,2,9.566653000000000,12.4056,49.875,10.583521000000000,1248
15,16,2011-01-16,bahar,2011,1,0,0,0,1,9.498347,11.71085,48.375,12.625011000000000,1204
16,17,2011-01-17,bahar,2011,1,1,1,0,2,7.209153,8.838550000000000,53.75,12.999139,1000
17,18,2011-01-18,bahar,2011,1,0,2,1,2,8.883347,11.61665,86.16670000000000,9.833925000000000,683
18,19,2011-01-19,bahar,2011,1,0,3,1,2,11.979134,14.9211,74.1739,13.957239,1650
19,20,2011-01-20,bahar,2011,1,0,4,1,2,10.728347,12.7525,53.833300000000000,13.125568,1927
20,21,2011-01-21,bahar,2011,1,0,5,1,1,7.2775,7.89165,45.7083,23.667214,1543
21,22,2011-01-22,bahar,2011,1,0,6,0,1,2.4243464,3.9534800000000000,40.0,11.52199,981
22,23,2011-01-23,bahar,2011,1,0,0,0,1,3.9573897000000000,4.941955000000000,43.6522,16.5222,986
23,24,2011-01-24,bahar,2011,1,0,1,1,1,?,5.8965,49.1739,10.60811,1416
24,25,2011-01-25,bahar,2011,1,0,2,1,2,9.162598000000000,11.7263,61.695700000000000,8.696332,1985
25,26,2011-01-26,bahar,2011,1,0,3,1,3,8.9175,10.18,86.25,19.68795,506
26,27,2011-01-27,bahar,2011,1,0,4,1,1,7.995,10.985,68.75,7.627079000000000,431
27,28,2011-01-28,bahar,2011,1,0,5,1,2,8.342598000000000,11.16585,79.30430000000000,8.2611,1167
28,29,2011-01-29,bahar,2011,1,0,6,0,1,8.057402,10.606300000000000,65.1739,9.739455000000000,1098
29,30,2011-01-30,bahar,2011,1,0,0,0,1,8.877402,12.5161,72.2174,4.956834200000000,1096
30,31,2011-01-31,bahar,2011,1,0,1,1,2,7.414153,9.3125,60.375,12.541864,1501
31,32,2011-02-01,bahar,2011,2,0,2,1,2,7.8791340000000000,11.726500000000000,82.9565,3.5652710000000000,1360
32,33,2011-02-02,bahar,2011,2,0,3,1,2,10.66,12.72085,77.5417,17.708636,1526
33,34,2011-02-03,bahar,2011,2,0,4,1,1,7.665237000000000,8.8939,43.7826,18.609384,1550
34,35,2011-02-04,bahar,2011,2,0,5,1,2,8.663464,11.42935,58.521700000000000,8.565213,1708
35,36,2011-02-05,bahar,2011,2,0,6,0,2,9.566653000000000,12.152900000000000,92.91670000000000,10.792293,1005
36,37,2011-02-06,bahar,2011,2,0,0,0,1,11.719153,14.58355,56.833300000000000,9.5006,1623
37,38,2011-02-07,bahar,2011,2,0,1,1,1,11.138347,15.1829,73.83330000000000,3.0423561000000000,1712
38,39,2011-02-08,bahar,2011,2,0,2,1,1,9.054153,9.9123,53.7917,24.25065,1530
39,40,2011-02-09,bahar,2011,2,0,3,1,2,5.526103000000000,7.21415,49.4783,12.652213,1605
40,41,2011-02-10,bahar,2011,2,0,4,1,1,5.918268,7.477400000000000,43.7391,14.869645,1538
41,42,2011-02-11,bahar,2011,2,0,5,1,1,7.752731000000000,10.67545,50.6364,7.272850000000000,1746
42,43,2011-02-12,bahar,2011,2,0,6,0,1,9.1225,11.6477,54.4167,13.625589000000000,1472
43,44,2011-02-13,bahar,2011,2,0,0,0,1,12.977402000000000,16.20565,45.7391,17.479161000000000,1589
44,45,2011-02-14,bahar,2011,2,0,1,1,1,17.015,19.9175,37.583300000000000,27.999836,1913
45,46,2011-02-15,bahar,2011,2,0,2,1,1,10.909567,12.7137,31.434800000000000,19.522058000000000,1815
46,47,2011-02-16,bahar,2011,2,0,3,1,1,13.048701000000000,15.810000000000000,42.3478,16.869997000000000,2115
47,48,2011-02-17,bahar,2011,2,0,4,1,1,?,21.4329,50.5,15.416968,2475
48,49,2011-02-18,bahar,2011,2,0,5,1,1,21.388347,25.599150000000000,51.6667,17.749975000000000,2927
49,50,2011-02-19,bahar,2011,2,0,6,0,1,16.365847,19.5702,18.7917,34.000021,1635
50,51,2011-02-20,bahar,2011,2,0,0,0,1,11.693897,13.8665,40.7826,14.956745,1812
51,52,2011-02-21,bahar,2011,2,1,1,0,2,12.436653000000000,14.203750000000000,60.5,20.625682,1107
52,53,2011-02-22,bahar,2011,2,0,2,1,1,7.471102,9.30165,57.7778,13.110761,1450
53,54,2011-02-23,bahar,2011,2,0,3,1,1,9.091299,12.285850000000000,42.3043,6.3055710000000000,1917
54,55,2011-02-24,bahar,2011,2,0,4,1,2,?,14.459550000000000,69.7391,16.783232000000000,1807
55,56,2011-02-25,bahar,2011,2,0,5,1,2,14.938268,17.52305,71.2174,23.218113,1461
56,57,2011-02-26,bahar,2011,2,0,6,0,1,11.5825,14.1096,53.7917,12.500257000000000,1969
57,58,2011-02-27,bahar,2011,2,0,0,0,1,14.082598,17.55545,68.0,8.391616000000000,2402
58,59,2011-02-28,bahar,2011,2,0,1,1,2,16.698193,20.005900000000000,87.6364,19.408962,1446
59,60,2011-03-01,bahar,2011,3,0,2,1,1,10.933347,13.19395,53.5,14.500475,1851
60,61,2011-03-02,bahar,2011,3,0,3,1,1,13.735000000000000,16.00355,44.9583,20.624811000000000,2134
61,62,2011-03-03,bahar,2011,3,0,4,1,1,8.131653,10.00665,31.833300000000000,15.125518000000000,1685
62,63,2011-03-04,bahar,2011,3,0,5,1,2,10.728347,12.783950000000000,61.0417,13.624182,1944
63,64,2011-03-05,bahar,2011,3,0,6,0,2,15.750847000000000,18.93895,78.91670000000000,16.875357,2077
64,65,2011-03-06,bahar,2011,3,0,0,0,2,15.437402000000000,18.3126,94.8261,23.000229,605
65,66,2011-03-07,bahar,2011,3,0,1,1,1,10.731299,11.92305,55.1304,22.870584,1872
66,67,2011-03-08,bahar,2011,3,0,2,1,1,11.9925,15.120000000000000,42.0833,8.083550000000000,2133
67,68,2011-03-09,bahar,2011,3,0,3,1,2,12.129153,14.3304,77.5417,14.750050000000000,1891
68,69,2011-03-10,bahar,2011,3,0,4,1,3,15.952731000000000,19.2834,0.0,17.545759000000000,623
69,70,2011-03-11,bahar,2011,3,0,5,1,2,12.977402000000000,15.25,64.95650000000000,15.608990000000000,1977
70,71,2011-03-12,bahar,2011,3,0,6,0,1,13.495847,16.287500000000000,59.458300000000000,14.791925000000000,2132
71,72,2011-03-13,bahar,2011,3,0,0,0,1,15.758268000000000,19.004550000000000,52.73910000000000,18.130468,2417
72,73,2011-03-14,bahar,2011,3,0,1,1,1,13.333897000000000,16.6,49.695700000000000,9.174042,2046
73,74,2011-03-15,bahar,2011,3,0,2,1,2,13.013031,15.908900000000000,65.5652,12.348703,2056
74,75,2011-03-16,bahar,2011,3,0,3,1,2,14.973897000000000,18.346500000000000,77.65220000000000,13.608839000000000,2192
75,76,2011-03-17,bahar,2011,3,0,4,1,1,17.015,20.51665,60.291700000000000,14.041793000000000,2744
76,77,2011-03-18,bahar,2011,3,0,5,1,1,22.14,26.350450000000000,52.5217,15.478139,3239
77,78,2011-03-19,bahar,2011,3,0,6,0,1,19.3725,23.32625,37.916700000000000,24.667189,3117
78,79,2011-03-20,bahar,2011,3,0,0,0,1,13.6325,16.287500000000000,47.375,13.917307000000000,2471
79,80,2011-03-21,yaz,2011,3,0,1,1,2,17.647835,20.48675,73.73910000000000,19.348461,2077
80,81,2011-03-22,yaz,2011,3,0,2,1,1,18.108347000000000,22.032100000000000,62.4583,15.125250000000000,2703
81,82,2011-03-23,yaz,2011,3,0,3,1,2,14.225237,16.89695,83.9565,15.695487000000000,2121
82,83,2011-03-24,yaz,2011,3,0,4,1,2,11.685000000000000,13.541650000000000,80.58330000000000,16.333729000000000,1865
83,84,2011-03-25,yaz,2011,3,0,5,1,1,10.830847000000000,12.8156,49.5,15.458575000000000,2210
84,85,2011-03-26,yaz,2011,3,0,6,0,1,?,12.87855,39.4167,14.041257,2496
85,86,2011-03-27,yaz,2011,3,0,0,0,2,10.374763000000000,12.51695,49.3913,12.348100000000000,1693
86,87,2011-03-28,yaz,2011,3,0,1,1,1,10.838268000000000,12.878700000000000,30.2174,14.217668,2028
87,88,2011-03-29,yaz,2011,3,0,2,1,1,12.4025,14.6454,31.416700000000000,15.208732,2425
88,89,2011-03-30,yaz,2011,3,0,3,1,2,12.300000000000000,14.8675,64.6667,11.583496,1536
89,90,2011-03-31,yaz,2011,3,0,4,1,3,11.001653,12.87875,91.8333,14.582282000000000,1685
90,91,2011-04-01,yaz,2011,4,0,5,1,2,12.300000000000000,14.172700000000000,68.625,17.333436,2227
91,92,2011-04-02,yaz,2011,4,0,6,0,2,12.915000000000000,15.78185,65.375,13.208782000000000,2252
92,93,2011-04-03,yaz,2011,4,0,0,0,1,15.511653000000000,18.93835,48.0,12.208271000000000,3249
93,94,2011-04-04,yaz,2011,4,0,1,1,1,23.506653,27.14645,42.625,25.833257,3115
94,95,2011-04-05,yaz,2011,4,0,2,1,2,16.980847,19.9175,64.2083,26.000489000000000,1795
95,96,2011-04-06,yaz,2011,4,0,3,1,1,16.024153,19.3804,47.0833,17.625221,2808
96,97,2011-04-07,yaz,2011,4,0,4,1,1,17.9375,21.684800000000000,60.291700000000000,10.874904000000000,3141
97,98,2011-04-08,yaz,2011,4,0,5,1,2,13.769153,16.223950000000000,83.625,15.208464,1471
98,99,2011-04-09,yaz,2011,4,0,6,0,2,14.0425,17.076450000000000,87.75,8.916561000000000,2455
99,100,2011-04-10,yaz,2011,4,0,0,0,2,17.493347,21.33685,85.75,9.833389,2895
100,101,2011-04-11,yaz,2011,4,0,1,1,2,24.421732000000000,28.260850000000000,71.6956,21.739758,3348
101,102,2011-04-12,yaz,2011,4,0,2,1,2,20.6025,24.6527,73.9167,18.416893000000000,2034
102,103,2011-04-13,yaz,2011,4,0,3,1,2,16.912500000000000,20.864150000000000,81.91670000000000,16.791339,2162
103,104,2011-04-14,yaz,2011,4,0,4,1,1,19.1675,23.1371,54.041700000000000,7.4169,3267
104,105,2011-04-15,yaz,2011,4,1,5,0,1,18.313347,22.09565,67.125,15.167125000000000,3126
105,106,2011-04-16,yaz,2011,4,0,6,0,3,17.664153,21.2746,88.83330000000000,22.834136,795
106,107,2011-04-17,yaz,2011,4,0,0,0,1,18.723347,22.2848,47.9583,20.334232,3744
107,108,2011-04-18,yaz,2011,4,0,1,1,1,21.0125,25.1573,54.25,10.958989,3429
108,109,2011-04-19,yaz,2011,4,0,2,1,2,?,24.462900000000000,66.5833,10.584057,3204
109,110,2011-04-20,yaz,2011,4,0,3,1,1,24.395,28.2196,61.4167,16.208975,3944
110,111,2011-04-21,yaz,2011,4,0,4,1,1,18.825847,22.6946,40.708300000000000,21.792286,4189
111,112,2011-04-22,yaz,2011,4,0,5,1,2,13.803347,16.0977,72.9583,14.707907000000000,1683
112,113,2011-04-23,yaz,2011,4,0,6,0,2,18.86,22.50605,88.79170000000000,15.458575000000000,4036
113,114,2011-04-24,yaz,2011,4,0,0,0,2,23.848347,27.58815,81.08330000000000,12.875725000000000,4191
114,115,2011-04-25,yaz,2011,4,0,1,1,1,24.873347,28.725,77.6667,12.417311,4073
115,116,2011-04-26,yaz,2011,4,0,2,1,1,25.898347000000000,29.704150000000000,72.9167,21.875500000000000,4400
116,117,2011-04-27,yaz,2011,4,0,3,1,2,25.420000000000000,28.7571,83.54170000000000,20.917400000000000,3872
117,118,2011-04-28,yaz,2011,4,0,4,1,2,25.317500000000000,28.946450000000000,70.08330000000000,21.500836,4058
118,119,2011-04-29,yaz,2011,4,0,5,1,1,20.91,24.87315,45.7083,16.084221,4595
119,120,2011-04-30,yaz,2011,4,0,6,0,1,19.3725,23.201050000000000,50.3333,15.750025,5312
120,121,2011-05-01,yaz,2011,5,0,0,0,2,18.518347,22.4102,76.2083,7.125718000000000,3351
121,122,2011-05-02,yaz,2011,5,0,1,1,2,22.515847000000000,26.64165,73.0,12.291418,4401
122,123,2011-05-03,yaz,2011,5,0,2,1,2,25.283347,29.10395,69.7083,22.958689,4451
123,124,2011-05-04,yaz,2011,5,0,3,1,2,16.980847,20.2325,73.70830000000000,22.042732,2633
124,125,2011-05-05,yaz,2011,5,0,4,1,1,18.825847,22.09585,44.416700000000000,19.791264000000000,4433
125,126,2011-05-06,yaz,2011,5,0,5,1,1,19.645847,23.70585,59.0,15.292482,4608
126,127,2011-05-07,yaz,2011,5,0,6,0,1,?,25.63105,54.125,10.750150000000000,4714
127,128,2011-05-08,yaz,2011,5,0,0,0,1,21.661653000000000,25.946650000000000,63.1667,5.0007125,4333
128,129,2011-05-09,yaz,2011,5,0,1,1,1,21.8325,26.2623,58.875,11.792000000000000,4362
129,130,2011-05-10,yaz,2011,5,0,2,1,1,21.8325,26.13605,48.9167,7.749957000000000,4803
130,131,2011-05-11,yaz,2011,5,0,3,1,1,22.2425,26.420000000000000,63.29170000000000,8.083014,4182
131,132,2011-05-12,yaz,2011,5,0,4,1,1,21.935000000000000,26.16815,74.75,12.707689,4864
132,133,2011-05-13,yaz,2011,5,0,5,1,2,21.0125,24.715,86.33330000000000,12.041575,4105
133,134,2011-05-14,yaz,2011,5,0,6,0,2,21.354153,25.03145,92.25,9.041650000000000,3409
134,135,2011-05-15,yaz,2011,5,0,0,0,2,23.0625,26.8,86.70830000000000,10.249593,4553
135,136,2011-05-16,yaz,2011,5,0,1,1,1,23.677500000000000,27.5256,78.79170000000000,8.500357000000000,3958
136,137,2011-05-17,yaz,2011,5,0,2,1,2,23.028347,26.926450000000000,83.7917,18.582718,4123
137,138,2011-05-18,yaz,2011,5,0,3,1,2,22.55,26.3579,87.0,13.499964,3855
138,139,2011-05-19,yaz,2011,5,0,4,1,2,21.764153,25.537100000000000,82.9583,7.2502710000000000,4575
139,140,2011-05-20,yaz,2011,5,0,5,1,1,22.003347,26.4521,71.9583,8.375871,4917
140,141,2011-05-21,yaz,2011,5,0,6,0,1,24.7025,28.59875,62.6667,8.083550000000000,5805
141,142,2011-05-22,yaz,2011,5,0,0,0,1,24.770847,28.725,74.9583,9.916536,4660
142,143,2011-05-23,yaz,2011,5,0,1,1,2,25.898347000000000,29.5148,81.0,15.667414000000000,4274
143,144,2011-05-24,yaz,2011,5,0,2,1,2,27.060000000000000,30.240650000000000,74.0833,13.875164,4492
144,145,2011-05-25,yaz,2011,5,0,3,1,1,27.094153,30.7771,69.625,10.333611,4978
145,146,2011-05-26,yaz,2011,5,0,4,1,1,29.041653,32.7344,67.75,13.376014000000000,4677
146,147,2011-05-27,yaz,2011,5,0,5,1,1,27.948347000000000,31.8504,65.375,16.125493,4679
147,148,2011-05-28,yaz,2011,5,0,6,0,1,26.889153,30.61895,72.9583,15.416164000000000,4758
148,149,2011-05-29,yaz,2011,5,0,0,0,1,27.3675,30.777500000000000,81.875,14.333846000000000,4788
149,150,2011-05-30,yaz,2011,5,1,1,0,1,?,33.5546,68.5,8.792075,4098
150,151,2011-05-31,yaz,2011,5,0,2,1,1,31.775000000000000,36.26915,63.6667,7.459043000000000,3982
151,152,2011-06-01,yaz,2011,6,0,3,1,2,31.330847000000000,36.04835,67.7083,13.875164,3974
152,153,2011-06-02,yaz,2011,6,0,4,1,1,29.315000000000000,32.1971,30.5,19.583229000000000,4968
153,154,2011-06-03,yaz,2011,6,0,5,1,1,25.420000000000000,29.356650000000000,35.4167,16.959107,5312
154,155,2011-06-04,yaz,2011,6,0,6,0,1,26.035,29.7348,45.625,8.250514,5342
155,156,2011-06-05,yaz,2011,6,0,0,0,2,26.581653000000000,30.8402,65.25,9.292364000000000,4906
156,157,2011-06-06,yaz,2011,6,0,1,1,1,27.811653,31.0929,60.0,8.167032,4548
157,158,2011-06-07,yaz,2011,6,0,2,1,1,29.0075,32.7975,59.791700000000000,12.583136,4833
158,159,2011-06-08,yaz,2011,6,0,3,1,1,31.809153,36.36395,62.208300000000000,9.166739,4401
159,160,2011-06-09,yaz,2011,6,0,4,1,2,33.141653,37.87895,56.833300000000000,10.042161,3915
160,161,2011-06-10,yaz,2011,6,0,5,1,1,30.955000000000000,35.1646,60.5,9.417118000000000,4586
161,162,2011-06-11,yaz,2011,6,0,6,0,1,29.725000000000000,33.901900000000000,65.45830000000000,10.374950000000000,4966
162,163,2011-06-12,yaz,2011,6,0,0,0,1,28.392500000000000,32.166250000000000,74.7917,10.958989,4460
163,164,2011-06-13,yaz,2011,6,0,1,1,1,26.035,30.082700000000000,49.4583,20.45845,5020
164,165,2011-06-14,yaz,2011,6,0,2,1,1,24.770847,29.5773,50.708300000000000,18.041961,4891
165,166,2011-06-15,yaz,2011,6,0,3,1,1,25.693347,29.3877,47.1667,11.250104000000000,5180
166,167,2011-06-16,yaz,2011,6,0,4,1,2,25.761653000000000,29.767300000000000,68.8333,13.833557,3767
167,168,2011-06-17,yaz,2011,6,0,5,1,1,26.615847000000000,30.01915,73.5833,9.582943000000000,4844
168,169,2011-06-18,yaz,2011,6,0,6,0,1,28.563347,32.197700000000000,67.0417,8.000336000000000,5119
169,170,2011-06-19,yaz,2011,6,0,0,0,2,28.665847,32.292300000000000,66.6667,6.834,4744
170,171,2011-06-20,yaz,2011,6,0,1,1,2,26.035,29.767300000000000,74.625,10.416825,4010
171,172,2011-06-21,sonbahar,2011,6,0,2,1,2,27.914153000000000,31.8823,77.0417,11.458675000000000,4835
172,173,2011-06-22,sonbahar,2011,6,0,3,1,1,?,34.69145,70.75,11.541554,4507
173,174,2011-06-23,sonbahar,2011,6,0,4,1,2,29.861653,34.69165,70.3333,15.999868,4790
174,175,2011-06-24,sonbahar,2011,6,0,5,1,1,29.690847,32.82915,57.3333,14.875675,4991
175,176,2011-06-25,sonbahar,2011,6,0,6,0,1,28.495000000000000,32.16565,48.3333,14.041257,5202
176,177,2011-06-26,sonbahar,2011,6,0,0,0,1,27.880000000000000,31.88145,51.3333,6.333731100000000,5305
177,178,2011-06-27,sonbahar,2011,6,0,1,1,2,27.982500000000000,31.8502,65.8333,7.208396000000000,4708
178,179,2011-06-28,sonbahar,2011,6,0,2,1,1,30.510847000000000,34.6279,63.416700000000000,9.666961000000000,4648
179,180,2011-06-29,sonbahar,2011,6,0,3,1,1,29.861653,32.7344,49.7917,17.542007,5225
180,181,2011-06-30,sonbahar,2011,6,0,4,1,1,28.563347,31.8504,43.416700000000000,12.415904000000000,5515
181,182,2011-07-01,sonbahar,2011,7,0,5,1,1,29.622500000000000,32.6081,39.625,6.8747360000000000,5362
182,183,2011-07-02,sonbahar,2011,7,0,6,0,1,30.271653,33.3654,44.4583,7.709154000000000,5119
183,184,2011-07-03,sonbahar,2011,7,0,0,0,2,29.383347,33.42875,68.25,15.333486,4649
184,185,2011-07-04,sonbahar,2011,7,1,1,0,2,29.793347000000000,33.27085,63.7917,5.4591064,6043
185,186,2011-07-05,sonbahar,2011,7,0,2,1,1,30.613347000000000,34.816900000000000,59.0417,8.459286000000000,4665
186,187,2011-07-06,sonbahar,2011,7,0,3,1,1,29.52,34.28165,74.33330000000000,10.042161,4629
187,188,2011-07-07,sonbahar,2011,7,0,4,1,1,30.75,34.34355,65.125,10.666400000000000,4592
188,189,2011-07-08,sonbahar,2011,7,0,5,1,2,29.075847,33.52415,75.79170000000000,15.083643,4040
189,190,2011-07-09,sonbahar,2011,7,0,6,0,1,30.066653000000000,33.2079,60.9167,11.250104000000000,5336
190,191,2011-07-10,sonbahar,2011,7,0,0,0,1,30.6475,34.50125,57.8333,12.292557,4881
191,192,2011-07-11,sonbahar,2011,7,0,1,1,1,31.2625,36.4902,63.5833,18.916579,4086
192,193,2011-07-12,sonbahar,2011,7,0,2,1,1,32.560847000000000,36.96375,55.9167,13.417018000000000,4258
193,194,2011-07-13,sonbahar,2011,7,0,3,1,1,30.613347000000000,34.4702,63.1667,9.790911,4342
194,195,2011-07-14,sonbahar,2011,7,0,4,1,1,27.914153000000000,31.7552,47.625,16.124689,5084
195,196,2011-07-15,sonbahar,2011,7,0,5,1,1,27.196653000000000,31.21855,59.12500000000000,12.249811,5538
196,197,2011-07-16,sonbahar,2011,7,0,6,0,1,28.153347,31.91315,58.5,13.958914,5923
197,198,2011-07-17,sonbahar,2011,7,0,0,0,1,29.485847,33.49165,60.4167,16.417211,5302
198,199,2011-07-18,sonbahar,2011,7,0,1,1,1,30.613347000000000,35.19625,65.125,14.458868000000000,4458
199,200,2011-07-19,sonbahar,2011,7,0,2,1,1,31.843347,37.37395,65.0417,8.7502,4541
200,201,2011-07-20,sonbahar,2011,7,0,3,1,1,31.501653,37.3425,70.70830000000000,7.625739,4332
201,202,2011-07-21,sonbahar,2011,7,0,4,1,2,33.415,41.31855,69.125,14.875407,3784
202,203,2011-07-22,sonbahar,2011,7,0,5,1,1,34.781653,42.044800000000000,58.0417,8.9177,3387
203,204,2011-07-23,sonbahar,2011,7,0,6,0,1,34.815847,40.214350000000000,50.0,8.791807,3285
204,205,2011-07-24,sonbahar,2011,7,0,0,0,1,34.03,39.74145,55.0833,11.334457,3606
205,206,2011-07-25,sonbahar,2011,7,0,1,1,1,30.476653000000000,36.0479,75.7083,6.0841561,3840
206,207,2011-07-26,sonbahar,2011,7,0,2,1,1,31.638347,34.84895,54.0833,13.417286000000000,4590
207,208,2011-07-27,sonbahar,2011,7,0,3,1,1,31.775000000000000,34.53335,40.291700000000000,12.292021000000000,4656
208,209,2011-07-28,sonbahar,2011,7,0,4,1,1,31.945847,36.995,58.3333,11.958093,4390
209,210,2011-07-29,sonbahar,2011,7,0,5,1,1,34.371653,39.29835,54.25,11.667246,3846
210,211,2011-07-30,sonbahar,2011,7,0,6,0,1,32.970847,36.42685,46.5833,11.291979,4475
211,212,2011-07-31,sonbahar,2011,7,0,0,0,1,33.039153,36.4898,48.0833,11.042471,4302
212,213,2011-08-01,sonbahar,2011,8,0,1,1,1,31.638347,35.1646,55.0833,10.500039,4266
213,214,2011-08-02,sonbahar,2011,8,0,2,1,1,32.116653,35.35355,49.125,13.79195,4845
214,215,2011-08-03,sonbahar,2011,8,0,3,1,2,29.998347,33.99685,65.75,9.084061000000000,3574
215,216,2011-08-04,sonbahar,2011,8,0,4,1,2,29.11,33.2394,75.75,13.20905,4576
216,217,2011-08-05,sonbahar,2011,8,0,5,1,1,29.144153000000000,32.82835,63.083300000000000,12.374632,4866
217,218,2011-08-06,sonbahar,2011,8,0,6,0,2,29.383347,33.807700000000000,75.5,15.29275,4294
218,219,2011-08-07,sonbahar,2011,8,0,0,0,1,?,35.7646,75.2917,13.499629,3785
219,220,2011-08-08,sonbahar,2011,8,0,1,1,1,31.365000000000000,35.16415,59.2083,12.875725000000000,4326
220,221,2011-08-09,sonbahar,2011,8,0,2,1,1,31.775000000000000,36.20605,57.04170000000000,10.125107,4602
221,222,2011-08-10,sonbahar,2011,8,0,3,1,1,31.433347000000000,34.24915,42.4167,13.417286000000000,4780
222,223,2011-08-11,sonbahar,2011,8,0,4,1,1,29.4175,32.57605,42.375,11.041332,4792
223,224,2011-08-12,sonbahar,2011,8,0,5,1,1,29.041653,32.7021,41.5,8.416607,4905
224,225,2011-08-13,sonbahar,2011,8,0,6,0,2,28.119153,32.2929,72.9583,14.167418,4150
225,226,2011-08-14,sonbahar,2011,8,0,0,0,2,27.743347,31.219400000000000,81.75,14.916411,3820
226,227,2011-08-15,sonbahar,2011,8,0,1,1,1,27.299153,30.80835,71.20830000000000,13.999918,4338
227,228,2011-08-16,sonbahar,2011,8,0,2,1,1,28.734153000000000,32.29185,57.8333,15.834043,4725
228,229,2011-08-17,sonbahar,2011,8,0,3,1,1,29.656653,33.33355,57.5417,9.625689000000000,4694
229,230,2011-08-18,sonbahar,2011,8,0,4,1,1,29.178347000000000,33.1129,65.45830000000000,15.624936,3805
230,231,2011-08-19,sonbahar,2011,8,0,5,1,2,28.085,31.661050000000000,72.2917,9.333636000000000,4153
231,232,2011-08-20,sonbahar,2011,8,0,6,0,1,28.5975,32.4498,67.41670000000000,6.999289,5191
232,233,2011-08-21,sonbahar,2011,8,0,0,0,1,29.144153000000000,33.776250000000000,77.0,16.666518,3873
233,234,2011-08-22,sonbahar,2011,8,0,1,1,1,28.358347000000000,31.9127,47.0,18.54225,4758
234,235,2011-08-23,sonbahar,2011,8,0,2,1,1,26.274153,30.303350000000000,45.5417,9.833121,5895
235,236,2011-08-24,sonbahar,2011,8,0,3,1,1,27.606653000000000,31.5346,60.5,16.958236,5130
236,237,2011-08-25,sonbahar,2011,8,0,4,1,2,28.050847000000000,32.2927,77.1667,14.125811000000000,3542
237,238,2011-08-26,sonbahar,2011,8,0,5,1,1,28.7,32.98665,76.125,5.625487500000000,4661
238,239,2011-08-27,sonbahar,2011,8,0,6,0,2,27.880000000000000,31.7778,85.0,25.166339,1115
239,240,2011-08-28,sonbahar,2011,8,0,0,0,1,28.989419000000000,32.39795,56.1765,20.412153,4334
240,241,2011-08-29,sonbahar,2011,8,0,1,1,1,26.103347,30.3979,55.45830000000000,10.708275,4634
241,242,2011-08-30,sonbahar,2011,8,0,2,1,1,26.205847000000000,29.7352,54.833300000000000,8.375536000000000,5204
242,243,2011-08-31,sonbahar,2011,8,0,3,1,1,26.923347,30.556050000000000,59.791700000000000,5.5833311000000000,5058
243,244,2011-09-01,sonbahar,2011,9,0,4,1,1,26.855,30.746050000000000,63.916700000000000,9.500332,5115
244,245,2011-09-02,sonbahar,2011,9,0,5,1,2,26.376653,30.2404,72.70830000000000,9.375243,4727
245,246,2011-09-03,sonbahar,2011,9,0,6,0,1,27.435847,31.66065,71.6667,12.416775,4484
246,247,2011-09-04,sonbahar,2011,9,0,0,0,1,29.075847,33.27145,74.20830000000000,13.833289,4940
247,248,2011-09-05,sonbahar,2011,9,1,1,0,2,27.606653000000000,31.282300000000000,79.0417,14.250632,3351
248,249,2011-09-06,sonbahar,2011,9,0,2,1,3,22.14,25.760000000000000,88.6957,23.044181,2710
249,250,2011-09-07,sonbahar,2011,9,0,3,1,3,24.565847,27.21145,91.7083,6.500393600000000,1996
250,251,2011-09-08,sonbahar,2011,9,0,4,1,3,25.990433000000000,27.76805,93.9565,12.914116,1842
251,252,2011-09-09,sonbahar,2011,9,0,5,1,2,26.650000000000000,28.9473,89.79170000000000,8.333393,3544
252,253,2011-09-10,sonbahar,2011,9,0,6,0,1,27.060000000000000,30.3981,75.375,10.291736,5345
253,254,2011-09-11,sonbahar,2011,9,0,0,0,1,26.786653000000000,30.46145,71.375,7.7086180000000000,5046
254,255,2011-09-12,sonbahar,2011,9,0,1,1,1,26.418268000000000,30.106500000000000,69.2174,5.957171000000000,4713
255,256,2011-09-13,sonbahar,2011,9,0,2,1,1,26.684153,30.1777,71.25,9.500868000000000,4763
256,257,2011-09-14,sonbahar,2011,9,0,3,1,1,27.606653000000000,31.345,69.7083,11.2091,4785
257,258,2011-09-15,sonbahar,2011,9,0,4,1,2,23.677500000000000,27.68355,70.9167,18.166782,3659
258,259,2011-09-16,sonbahar,2011,9,0,5,1,2,19.235847,23.07375,59.0417,11.000261,4760
259,260,2011-09-17,sonbahar,2011,9,0,6,0,2,20.158347,23.9256,71.8333,12.708225,4511
260,261,2011-09-18,sonbahar,2011,9,0,0,0,1,20.807500000000000,24.52685,69.5,11.958361,4274
261,262,2011-09-19,sonbahar,2011,9,0,1,1,2,22.515847000000000,26.48375,69.0,10.166714,4539
262,263,2011-09-20,sonbahar,2011,9,0,2,1,2,23.028347,26.610850000000000,88.125,9.041918000000000,3641
263,264,2011-09-21,sonbahar,2011,9,0,3,1,2,24.395,27.526650000000000,90.0,6.4590814,4352
264,265,2011-09-22,sonbahar,2011,9,0,4,1,2,?,27.74815,90.2083,8.584375,4795
265,266,2011-09-23,kış,2011,9,0,5,1,2,24.975847,26.106250000000000,97.25,5.2505689,2395
266,267,2011-09-24,kış,2011,9,0,6,0,2,24.873347,28.2206,86.25,5.2516811,5423
267,268,2011-09-25,kış,2011,9,0,0,0,2,26.000847,28.631850000000000,84.5,3.3754064,5010
268,269,2011-09-26,kış,2011,9,0,1,1,2,26.615847000000000,29.452100000000000,84.8333,7.4169,4630
269,270,2011-09-27,kış,2011,9,0,2,1,2,26.103347,28.726250000000000,88.5417,7.917457,4120
270,271,2011-09-28,kış,2011,9,0,3,1,2,26.035,28.757900000000000,84.875,9.958143,3907
271,272,2011-09-29,kış,2011,9,0,4,1,1,25.283347,28.7256,69.91670000000000,11.583161000000000,4839
272,273,2011-09-30,kış,2011,9,0,5,1,1,23.130847,27.24145,64.75,13.833825,5202
273,274,2011-10-01,kış,2011,10,0,6,0,2,16.81,20.643150000000000,75.375,19.583832,2429
274,275,2011-10-02,kış,2011,10,0,0,0,2,14.623347,17.26585,79.1667,14.874871,2918
275,276,2011-10-03,kış,2011,10,0,1,1,2,15.750847000000000,19.6023,76.0833,5.584168600000000,3570
276,277,2011-10-04,kış,2011,10,0,2,1,1,19.850847,23.6429,71.0,13.792218,4456
277,278,2011-10-05,kış,2011,10,0,3,1,1,22.071653000000000,26.3569,64.79170000000000,11.87575,4826
278,279,2011-10-06,kış,2011,10,0,4,1,1,20.260847000000000,24.02125,62.083300000000000,9.041918000000000,4765
279,280,2011-10-07,kış,2011,10,0,5,1,1,20.944153,25.2202,68.41670000000000,1.5002439,4985
280,281,2011-10-08,kış,2011,10,0,6,0,1,21.388347,25.6621,70.125,3.0420814,5409
281,282,2011-10-09,kış,2011,10,0,0,0,1,22.174153,26.19915,72.75,4.251150000000000,5511
282,283,2011-10-10,kış,2011,10,1,1,0,1,23.404153,27.14625,73.375,2.8343814,5117
283,284,2011-10-11,kış,2011,10,0,2,1,2,23.233347000000000,27.3048,80.875,9.583814,4563
284,285,2011-10-12,kış,2011,10,0,3,1,3,22.276653,25.885850000000000,90.625,16.62605,2416
285,286,2011-10-13,kış,2011,10,0,4,1,2,24.155847,27.5902,89.6667,9.499729,2913
286,287,2011-10-14,kış,2011,10,0,5,1,2,22.584153,26.48375,71.625,15.000161,3644
287,288,2011-10-15,kış,2011,10,0,6,0,1,20.773347000000000,24.936250000000000,48.3333,17.291561,5217
288,289,2011-10-16,kış,2011,10,0,0,0,1,20.978347,25.1577,48.6667,18.875039,5041
289,290,2011-10-17,kış,2011,10,0,1,1,1,21.900847000000000,25.53625,57.958300000000000,11.750393,4570
290,291,2011-10-18,kış,2011,10,0,2,1,2,21.8325,26.13605,70.1667,7.3758290000000000,4748
291,292,2011-10-19,kış,2011,10,0,3,1,3,22.211299000000000,25.6924,89.52170000000000,16.303713,2424
292,293,2011-10-20,kış,2011,10,0,4,1,1,19.509153,23.32625,63.625,28.292425,4195
293,294,2011-10-21,kış,2011,10,0,5,1,1,17.5275,21.1798,57.4167,14.833532,4304
294,295,2011-10-22,kış,2011,10,0,6,0,1,17.322500000000000,21.2746,62.916700000000000,6.208668900000000,4308
295,296,2011-10-23,kış,2011,10,0,0,0,1,17.288347,21.11665,74.125,6.6673375,4381
296,297,2011-10-24,kış,2011,10,0,1,1,1,18.996653,22.85335,77.2083,7.959064000000000,4187
297,298,2011-10-25,kış,2011,10,0,2,1,1,19.338347,23.16875,62.291700000000000,11.166086,4687
298,299,2011-10-26,kış,2011,10,0,3,1,2,19.850847,23.6423,72.04170000000000,9.959014,3894
299,300,2011-10-27,kış,2011,10,0,4,1,2,19.27,22.8523,81.2917,13.250121000000000,2659
300,301,2011-10-28,kış,2011,10,0,5,1,2,13.564153,15.9406,58.58330000000000,15.375093,3747
301,302,2011-10-29,kış,2011,10,0,6,0,3,10.420847000000000,11.39565,88.25,23.541857,627
302,303,2011-10-30,kış,2011,10,0,0,0,1,13.085847000000000,16.06645,62.375,11.833339,3331
303,304,2011-10-31,kış,2011,10,0,1,1,1,13.940000000000000,17.803150000000000,70.3333,7.12545,3669
304,305,2011-11-01,kış,2011,11,0,2,1,1,16.434153,19.8544,68.375,9.083257,4068
305,306,2011-11-02,kış,2011,11,0,3,1,1,15.477500000000000,19.50665,71.875,5.500143900000000,4186
306,307,2011-11-03,kış,2011,11,0,4,1,1,16.741653,20.296050000000000,70.20830000000000,9.166739,3974
307,308,2011-11-04,kış,2011,11,0,5,1,2,16.536653,20.169600000000000,62.25000000000000,18.209193,4046
308,309,2011-11-05,kış,2011,11,0,6,0,1,13.393347000000000,16.1927,51.916700000000000,12.667154000000000,3926
309,310,2011-11-06,kış,2011,11,0,0,0,1,14.281653,18.117900000000000,73.4583,6.167631400000000,3649
310,311,2011-11-07,kış,2011,11,0,1,1,1,16.195,20.04355,75.875,3.834075,4035
311,312,2011-11-08,kış,2011,11,0,2,1,1,16.741653,20.6123,72.1667,4.6255125,4205
312,313,2011-11-09,kış,2011,11,0,3,1,1,?,20.45395,75.83330000000000,4.1671186,4109
313,314,2011-11-10,kış,2011,11,0,4,1,2,15.58,18.68605,81.3333,12.667489000000000,2933
314,315,2011-11-11,kış,2011,11,1,5,0,1,13.290847,15.34085,44.625,21.083225,3368
315,316,2011-11-12,kış,2011,11,0,6,0,1,14.623347,17.8971,55.2917,14.208154,4067
316,317,2011-11-13,kış,2011,11,0,0,0,1,18.074153,21.5275,45.8333,18.875307,3717
317,318,2011-11-14,kış,2011,11,0,1,1,1,21.73,26.2306,58.7083,20.541932,4486
318,319,2011-11-15,kış,2011,11,0,2,1,2,21.73,25.37895,68.875,13.375411,4195
319,320,2011-11-16,kış,2011,11,0,3,1,3,18.723347,22.5994,93.0,9.167543,1817
320,321,2011-11-17,kış,2011,11,0,4,1,2,14.008347,16.16105,57.5833,20.459254000000000,3053
321,322,2011-11-18,kış,2011,11,0,5,1,1,11.240847,13.63605,41.0,11.291711,3392
322,323,2011-11-19,kış,2011,11,0,6,0,1,13.495847,16.224150000000000,50.208300000000000,15.041232,3663
323,324,2011-11-20,kış,2011,11,0,0,0,2,18.996653,22.8529,68.4583,12.45865,3520
324,325,2011-11-21,kış,2011,11,0,1,1,3,18.3475,22.2531,91.0,9.249618,2765
325,326,2011-11-22,kış,2011,11,0,2,1,3,17.083347,21.0848,96.25,7.959064000000000,1607
326,327,2011-11-23,kış,2011,11,0,3,1,2,18.074153,21.52685,75.79170000000000,22.500275,2566
327,328,2011-11-24,kış,2011,11,1,4,0,1,15.306653000000000,18.62355,54.9167,11.209368000000000,1495
328,329,2011-11-25,kış,2011,11,0,5,1,1,15.375,19.033550000000000,64.375,6.6260186,2792
329,330,2011-11-26,kış,2011,11,0,6,0,1,?,19.254350000000000,68.1667,4.5841936,3068
330,331,2011-11-27,kış,2011,11,0,0,0,1,18.825847,22.79,69.8333,13.999918,3071
331,332,2011-11-28,kış,2011,11,0,1,1,1,20.642598,24.5061,74.3043,9.522174,3867
332,333,2011-11-29,kış,2011,11,0,2,1,2,18.791653,22.56875,83.08330000000000,17.292164,2914
333,334,2011-11-30,kış,2011,11,0,3,1,1,13.325000000000000,15.561050000000000,61.3333,18.167586,3613
334,335,2011-12-01,kış,2011,12,0,4,1,1,12.8125,15.2777,52.4583,14.750586,3727
335,336,2011-12-02,kış,2011,12,0,5,1,1,12.880847000000000,16.571650000000000,62.583300000000000,6.750518,3940
336,337,2011-12-03,kış,2011,12,0,6,0,1,12.265847,15.530200000000000,61.291700000000000,6.4174811,3614
337,338,2011-12-04,kış,2011,12,0,0,0,1,13.564153,17.455000000000000,77.5833,5.625206100000000,3485
338,339,2011-12-05,kış,2011,12,0,1,1,2,15.819153,19.696250000000000,82.70830000000000,4.1679561000000000,3811
339,340,2011-12-06,kış,2011,12,0,2,1,3,18.962500000000000,22.82,94.9583,15.583061000000000,2594
340,341,2011-12-07,kış,2011,12,0,3,1,3,16.81,20.0123,97.04170000000000,17.833725,705
341,342,2011-12-08,kış,2011,12,0,4,1,1,10.899153,12.8469,58.00000000000000,16.083886,3322
342,343,2011-12-09,kış,2011,12,0,5,1,1,11.924153,15.877100000000000,69.58330000000000,5.5420189000000000,3620
343,344,2011-12-10,kış,2011,12,0,6,0,1,11.275,13.320600000000000,50.75000000000000,15.625807,3190
344,345,2011-12-11,kış,2011,12,0,0,0,1,9.054153,12.6577,49.0,4.458293900000000,2743
345,346,2011-12-12,kış,2011,12,0,1,1,1,9.771653000000000,13.5098,67.08330000000000,4.251150000000000,3310
346,347,2011-12-13,kış,2011,12,0,2,1,1,11.5825,15.0569,59.0,9.41685,3523
347,348,2011-12-14,kış,2011,12,0,3,1,2,13.0175,16.9181,66.375,4.0842061,3740
348,349,2011-12-15,kış,2011,12,0,4,1,2,17.322500000000000,20.611850000000000,63.416700000000000,17.958814,3709
349,350,2011-12-16,kış,2011,12,0,5,1,2,15.375,17.99125,50.0417,17.458525,3577
350,351,2011-12-17,kış,2011,12,0,6,0,2,10.591653000000000,12.46855,56.0833,16.292189,2739
351,352,2011-12-18,kış,2011,12,0,0,0,1,?,12.27895,58.62500000000000,11.375193,2431
352,353,2011-12-19,kış,2011,12,0,1,1,1,11.343347,14.04665,63.75000000000000,11.584032000000000,3403
353,354,2011-12-20,kış,2011,12,0,2,1,2,15.819153,19.822700000000000,59.5417,4.125243600000000,3750
354,355,2011-12-21,bahar,2011,12,0,3,1,2,17.561653,21.40085,85.83330000000000,14.8338,2660
355,356,2011-12-22,bahar,2011,12,0,4,1,2,17.356653,21.306050000000000,75.75,3.1674250000000000,3068
356,357,2011-12-23,bahar,2011,12,0,5,1,1,15.306653000000000,18.87565,68.625,18.374482,2209
357,358,2011-12-24,bahar,2011,12,0,6,0,1,12.4025,14.9621,54.25,12.750368,1011
358,359,2011-12-25,bahar,2011,12,0,0,0,1,11.266103,13.998050000000000,68.13040000000000,10.391097,754
359,360,2011-12-26,bahar,2011,12,1,1,0,1,13.191299,15.77675,50.6957,16.044155,1317
360,361,2011-12-27,bahar,2011,12,0,2,1,2,13.325000000000000,16.38165,76.25,12.62615,1162
361,362,2011-12-28,bahar,2011,12,0,3,1,1,12.264330000000000,13.9987,50.39130000000000,19.695387,2302
362,363,2011-12-29,bahar,2011,12,0,4,1,1,10.181653,13.194600000000000,57.4167,8.000604,2423
363,364,2011-12-30,bahar,2011,12,0,5,1,1,12.778347000000000,15.9406,63.6667,9.000579000000000,2999
364,365,2011-12-31,bahar,2011,12,0,6,0,1,16.81,20.70605,61.583300000000000,14.750318,2485
365,366,2012-01-01,bahar,2012,1,0,0,0,1,15.17,18.78105,69.25,12.875189,2294
366,367,2012-01-02,bahar,2012,1,1,1,0,1,11.194763,12.615200000000000,38.130400000000000,22.087555,1951
367,368,2012-01-03,bahar,2012,1,0,2,1,1,6.1500000000000000,6.31375,44.125,24.499957000000000,2236
368,369,2012-01-04,bahar,2012,1,0,3,1,2,4.4075,5.966850000000000,41.4583,12.3749,2368
369,370,2012-01-05,bahar,2012,1,0,4,1,1,10.899153,13.9206,52.416700000000000,8.709129000000000,3272
370,371,2012-01-06,bahar,2012,1,0,5,1,1,13.700847,17.01335,54.2083,11.249836,4098
371,372,2012-01-07,bahar,2012,1,0,6,0,1,16.126653,19.53895,53.1667,11.708786,4521
372,373,2012-01-08,bahar,2012,1,0,0,0,1,13.8375,17.012900000000000,46.5,12.833314000000000,3425
373,374,2012-01-09,bahar,2012,1,0,1,1,2,9.190847,12.37395,70.1667,6.6263000000000000,2376
374,375,2012-01-10,bahar,2012,1,0,2,1,1,12.656536000000000,15.9413,64.65220000000000,12.565984,3598
375,376,2012-01-11,bahar,2012,1,0,3,1,2,11.240847,14.14105,84.75,8.791807,2177
376,377,2012-01-12,bahar,2012,1,0,4,1,2,15.682500000000000,19.0969,80.2917,12.124789000000000,4097
377,378,2012-01-13,bahar,2012,1,0,5,1,1,11.240847,12.4681,50.75000000000000,25.333236,3214
378,379,2012-01-14,bahar,2012,1,0,6,0,1,7.38,9.15435,45.75,12.541261000000000,2493
379,380,2012-01-15,bahar,2012,1,0,0,0,1,6.833347000000000,8.081250000000000,41.9167,16.834286,2311
380,381,2012-01-16,bahar,2012,1,1,1,0,1,7.79,9.53315,52.25,15.500986,2298
381,382,2012-01-17,bahar,2012,1,0,2,1,2,15.294763000000000,18.213900000000000,71.6087,23.39171,2935
382,383,2012-01-18,bahar,2012,1,0,3,1,1,12.436653000000000,13.7627,44.333300000000000,27.833743,3376
383,384,2012-01-19,bahar,2012,1,0,4,1,1,7.79,9.501900000000000,49.75,14.750586,3292
384,385,2012-01-20,bahar,2012,1,0,5,1,2,8.9175,11.047900000000000,45.0,13.58425,3163
385,386,2012-01-21,bahar,2012,1,0,6,0,2,7.106653,8.74375,83.125,14.917014,1301
386,387,2012-01-22,bahar,2012,1,0,0,0,2,6.6625000000000000,8.1125,79.625,13.375746000000000,1977
387,388,2012-01-23,bahar,2012,1,0,1,1,2,8.951653,12.152900000000000,91.125,7.4174360000000000,2432
388,389,2012-01-24,bahar,2012,1,0,2,1,1,14.0425,17.455400000000000,83.58330000000000,8.292389,4339
389,390,2012-01-25,bahar,2012,1,0,3,1,1,12.060847,14.74105,64.375,10.791757000000000,4270
390,391,2012-01-26,bahar,2012,1,0,4,1,2,14.008347,17.8025,76.95830000000000,4.917518600000000,4075
391,392,2012-01-27,bahar,2012,1,0,5,1,2,17.425,20.76915,74.125,22.958689,3456
392,393,2012-01-28,bahar,2012,1,0,6,0,1,?,16.318950000000000,54.333300000000000,14.125543000000000,4023
393,394,2012-01-29,bahar,2012,1,0,0,0,1,11.5825,13.63605,31.125000000000000,16.08335,3243
394,395,2012-01-30,bahar,2012,1,0,1,1,1,11.035847,13.13125,40.0833,14.458064,3624
395,396,2012-01-31,bahar,2012,1,0,2,1,1,15.99,19.06585,41.6667,17.541739,4509
396,397,2012-02-01,bahar,2012,2,0,3,1,1,19.235847,23.326900000000000,50.79170000000000,12.667489000000000,4579
397,398,2012-02-02,bahar,2012,2,0,4,1,2,16.365847,19.94855,67.29170000000000,12.541529000000000,3761
398,399,2012-02-03,bahar,2012,2,0,5,1,1,12.846653000000000,15.4673,52.6667,11.959232000000000,4151
399,400,2012-02-04,bahar,2012,2,0,6,0,2,10.830847000000000,13.63625,77.95830000000000,8.167032,2832
400,401,2012-02-05,bahar,2012,2,0,0,0,2,10.899153,13.22605,68.7917,11.791732000000000,2947
401,402,2012-02-06,bahar,2012,2,0,1,1,1,11.586969,14.8213,62.2174,10.304600000000000,3784
402,403,2012-02-07,bahar,2012,2,0,2,1,1,14.520847,18.0552,49.625,9.874393000000000,4375
403,404,2012-02-08,bahar,2012,2,0,3,1,2,10.523347000000000,13.321050000000000,72.2917,8.959307,2802
404,405,2012-02-09,bahar,2012,2,0,4,1,1,10.865,13.0994,56.2083,13.000479000000000,3830
405,406,2012-02-10,bahar,2012,2,0,5,1,2,11.514153,14.6779,54.0,7.834243,3831
406,407,2012-02-11,bahar,2012,2,0,6,0,3,9.190847,10.54335,73.125,19.416332,2169
407,408,2012-02-12,bahar,2012,2,0,0,0,1,5.2275,5.0829000000000000,46.458300000000000,27.417204000000000,1529
408,409,2012-02-13,bahar,2012,2,0,1,1,1,9.1225,11.39565,41.125,11.207961,3422
409,410,2012-02-14,bahar,2012,2,0,2,1,2,13.085847000000000,16.697300000000000,50.875,9.458993,3922
410,411,2012-02-15,bahar,2012,2,0,3,1,1,14.281653,17.581450000000000,53.125,12.167200000000000,4169
411,412,2012-02-16,bahar,2012,2,0,4,1,2,12.983347000000000,16.5081,75.2917,6.125475000000000,3005
412,413,2012-02-17,bahar,2012,2,0,5,1,1,14.076653,17.581450000000000,63.4583,13.791682,4154
413,414,2012-02-18,bahar,2012,2,0,6,0,1,14.213347,17.77125,53.4583,12.792243,4318
414,415,2012-02-19,bahar,2012,2,0,0,0,2,11.48,13.2894,51.5833,16.958504,2689
415,416,2012-02-20,bahar,2012,2,1,1,0,1,11.48,13.66955,50.7826,15.348561000000000,3129
416,417,2012-02-21,bahar,2012,2,0,2,1,1,11.800866000000000,14.755650000000000,59.434800000000000,13.783039,3777
417,418,2012-02-22,bahar,2012,2,0,3,1,1,16.229153,19.63335,56.7917,15.709557,4773
418,419,2012-02-23,bahar,2012,2,0,4,1,1,18.620847000000000,22.2223,55.45830000000000,12.791171,5062
419,420,2012-02-24,bahar,2012,2,0,5,1,2,16.7075,20.548550000000000,73.75,15.916989,3487
420,421,2012-02-25,bahar,2012,2,0,6,0,1,11.924153,12.78375,39.5833,28.250014,2732
421,422,2012-02-26,bahar,2012,2,0,0,0,1,11.445847,13.4154,41.0,13.750343000000000,3389
422,423,2012-02-27,bahar,2012,2,0,1,1,1,15.033347000000000,17.8977,49.0833,17.958211,4322
423,424,2012-02-28,bahar,2012,2,0,2,1,1,14.725847,17.67625,39.5833,12.958939,4363
424,425,2012-02-29,bahar,2012,2,0,3,1,2,14.118268000000000,17.4235,80.4783,12.000839,1834
425,426,2012-03-01,bahar,2012,3,0,4,1,1,19.919153,23.768550000000000,61.5417,15.208129,4990
426,427,2012-03-02,bahar,2012,3,0,5,1,2,14.486653,17.9921,65.7083,9.708568,3194
427,428,2012-03-03,bahar,2012,3,0,6,0,2,16.980847,20.6746,62.125,10.792293,4066
428,429,2012-03-04,bahar,2012,3,0,0,0,1,13.359153,15.15105,40.3333,22.416257,3423
429,430,2012-03-05,bahar,2012,3,0,1,1,1,9.976653000000000,12.05855,50.625,15.333486,3333
430,431,2012-03-06,bahar,2012,3,0,2,1,1,?,12.752100000000000,45.6667,13.458625,3956
431,432,2012-03-07,bahar,2012,3,0,3,1,1,16.570847,19.255,51.3333,23.167193,4916
432,433,2012-03-08,bahar,2012,3,0,4,1,1,21.627500000000000,26.230200000000000,56.75,29.584721,5382
433,434,2012-03-09,bahar,2012,3,0,5,1,2,16.844153,19.85415,40.708300000000000,27.7916,4569
434,435,2012-03-10,bahar,2012,3,0,6,0,1,11.7875,13.888350000000000,35.041700000000000,15.125250000000000,4118
435,436,2012-03-11,bahar,2012,3,0,0,0,1,14.831299,17.9835,47.695700000000000,14.913329,4911
436,437,2012-03-12,bahar,2012,3,0,1,1,1,19.133347,22.9796,48.9167,13.916771,5298
437,438,2012-03-13,bahar,2012,3,0,2,1,1,23.165,27.14645,61.75000000000000,15.87565,5847
438,439,2012-03-14,bahar,2012,3,0,3,1,1,23.4725,27.43085,50.708300000000000,7.709154000000000,6312
439,440,2012-03-15,bahar,2012,3,0,4,1,1,22.857500000000000,26.64125,57.958300000000000,10.042161,6192
440,441,2012-03-16,bahar,2012,3,0,5,1,2,17.869153000000000,21.81145,84.20830000000000,7.583864,4378
441,442,2012-03-17,bahar,2012,3,0,6,0,2,21.080847000000000,25.252300000000000,75.5833,7.417168,7836
442,443,2012-03-18,bahar,2012,3,0,0,0,2,19.3725,23.2,81.0,8.501161,5892
443,444,2012-03-19,bahar,2012,3,0,1,1,1,22.345000000000000,26.64105,72.875,10.875239,6153
444,445,2012-03-20,bahar,2012,3,0,2,1,1,22.994153,26.926650000000000,80.7917,8.125157,6093
445,446,2012-03-21,yaz,2012,3,0,3,1,2,21.798347,25.6629,82.125,6.0004061,6230
446,447,2012-03-22,yaz,2012,3,0,4,1,1,22.720847,26.57835,83.125,7.876654000000000,6871
447,448,2012-03-23,yaz,2012,3,0,5,1,2,24.668347000000000,28.50335,69.41670000000000,7.7921000000000000,8362
448,449,2012-03-24,yaz,2012,3,0,6,0,2,20.6025,24.33665,88.5417,12.916461000000000,3372
449,450,2012-03-25,yaz,2012,3,0,0,0,2,17.9375,21.874400000000000,88.0833,14.791925000000000,4996
450,451,2012-03-26,yaz,2012,3,0,1,1,1,18.279153,21.9375,47.7917,25.917007,5558
451,452,2012-03-27,yaz,2012,3,0,2,1,1,13.256653,15.7827,29.000000000000000,12.541864,5102
452,453,2012-03-28,yaz,2012,3,0,3,1,1,19.850847,23.5475,48.125,19.541957,5698
453,454,2012-03-29,yaz,2012,3,0,4,1,1,20.260847000000000,24.1152,43.916700000000000,21.41655,6133
454,455,2012-03-30,yaz,2012,3,0,5,1,2,15.17,18.78105,58.0833,9.250489,5459
455,456,2012-03-31,yaz,2012,3,0,6,0,2,17.390847,21.0854,73.83330000000000,16.791339,6235
456,457,2012-04-01,yaz,2012,4,0,0,0,2,17.459153,20.864350000000000,67.625,11.541889,6041
457,458,2012-04-02,yaz,2012,4,0,1,1,1,17.790433,21.37565,50.43480000000000,20.913313,5936
458,459,2012-04-03,yaz,2012,4,0,2,1,1,19.133347,23.07415,39.6667,6.708911,6772
459,460,2012-04-04,yaz,2012,4,0,3,1,1,22.208347,26.6725,46.958300000000000,12.125325,6436
460,461,2012-04-05,yaz,2012,4,0,4,1,1,17.835,21.55815,37.416700000000000,14.708443,6457
461,462,2012-04-06,yaz,2012,4,0,5,1,1,16.536653,19.53835,37.7083,20.125996,6460
462,463,2012-04-07,yaz,2012,4,0,6,0,1,17.9375,21.306450000000000,25.416700000000000,18.416357000000000,6857
463,464,2012-04-08,yaz,2012,4,0,0,0,1,20.5,24.62125,27.5833,15.583932000000000,5169
464,465,2012-04-09,yaz,2012,4,0,1,1,1,20.055847,23.8319,31.75,23.999132,5585
465,466,2012-04-10,yaz,2012,4,0,2,1,1,18.313347,21.81165,43.5,16.708125000000000,5918
466,467,2012-04-11,yaz,2012,4,0,3,1,1,14.296536,16.863700000000000,46.9565,19.783358,4862
467,468,2012-04-12,yaz,2012,4,0,4,1,1,16.2975,19.3802,46.625,19.458743,5409
468,469,2012-04-13,yaz,2012,4,0,5,1,1,18.142500000000000,21.5904,40.8333,10.416557,6398
469,470,2012-04-14,yaz,2012,4,0,6,0,1,20.295000000000000,24.3998,50.291700000000000,12.791439,7460
470,471,2012-04-15,yaz,2012,4,0,0,0,1,24.873347,28.69375,50.79170000000000,15.083643,7132
471,472,2012-04-16,yaz,2012,4,1,1,0,1,27.230847000000000,30.746250000000000,56.166700000000000,19.083543,6370
472,473,2012-04-17,yaz,2012,4,0,2,1,1,24.941653000000000,29.92435,39.0417,18.333143,6691
473,474,2012-04-18,yaz,2012,4,0,3,1,2,18.996653,22.8519,56.9167,11.250104000000000,4367
474,475,2012-04-19,yaz,2012,4,0,4,1,1,?,24.6523,61.25000000000000,4.417256400000000,6565
475,476,2012-04-20,yaz,2012,4,0,5,1,1,21.593347,25.78875,69.4583,10.041357,7290
476,477,2012-04-21,yaz,2012,4,0,6,0,1,23.370000000000000,27.14605,68.2917,19.000329000000000,6624
477,478,2012-04-22,yaz,2012,4,0,0,0,3,16.263347,19.4752,83.54170000000000,23.084582,1027
478,479,2012-04-23,yaz,2012,4,0,1,1,2,13.188347000000000,15.056250000000000,76.66670000000000,20.334232,3214
479,480,2012-04-24,yaz,2012,4,0,2,1,1,16.946653,20.26415,45.4167,16.708661,5633
480,481,2012-04-25,yaz,2012,4,0,3,1,1,19.543347,23.51585,42.7917,7.959064000000000,6196
481,482,2012-04-26,yaz,2012,4,0,4,1,2,20.431653000000000,24.17915,75.66670000000000,11.833875,5026
482,483,2012-04-27,yaz,2012,4,0,5,1,1,18.7575,22.63185,40.0833,23.291411000000000,6233
483,484,2012-04-28,yaz,2012,4,0,6,0,2,15.443347000000000,18.8752,48.9583,8.708325,4220
484,485,2012-04-29,yaz,2012,4,0,0,0,1,18.791653,22.50605,58.7083,7.8328360000000000,6304
485,486,2012-04-30,yaz,2012,4,0,1,1,2,19.030847,22.8848,57.00000000000000,11.499746,5572
486,487,2012-05-01,yaz,2012,5,0,2,1,2,25.146653,28.85105,65.95830000000000,10.458432,5740
487,488,2012-05-02,yaz,2012,5,0,3,1,1,23.130847,26.894800000000000,79.7083,9.249886000000000,6169
488,489,2012-05-03,yaz,2012,5,0,4,1,2,22.96,26.862100000000000,76.83330000000000,8.957632,6421
489,490,2012-05-04,yaz,2012,5,0,5,1,1,25.7275,29.54585,73.54170000000000,10.916846,6296
490,491,2012-05-05,yaz,2012,5,0,6,0,2,25.488347000000000,29.2304,75.66670000000000,10.250464000000000,6883
491,492,2012-05-06,yaz,2012,5,0,0,0,2,23.0625,27.336850000000000,74.0,10.041893000000000,6359
492,493,2012-05-07,yaz,2012,5,0,1,1,2,22.037500000000000,26.3571,66.41670000000000,15.458307000000000,6273
493,494,2012-05-08,yaz,2012,5,0,2,1,2,23.848347,27.87355,68.58330000000000,19.833943000000000,5728
494,495,2012-05-09,yaz,2012,5,0,3,1,2,23.575,27.65125,74.4167,14.499604,4717
495,496,2012-05-10,yaz,2012,5,0,4,1,1,20.739153000000000,24.58915,55.2083,21.042221,6572
496,497,2012-05-11,yaz,2012,5,0,5,1,1,21.866653,26.04165,36.0417,15.874779000000000,7030
497,498,2012-05-12,yaz,2012,5,0,6,0,1,23.130847,27.24085,48.0417,8.249911000000000,7429
498,499,2012-05-13,yaz,2012,5,0,0,0,1,25.1125,29.2619,57.62500000000000,15.082839,6118
499,500,2012-05-14,yaz,2012,5,0,1,1,2,23.506653,27.495000000000000,78.95830000000000,14.250364000000000,2843
500,501,2012-05-15,yaz,2012,5,0,2,1,2,25.078347000000000,28.8202,79.45830000000000,9.875264,5115
501,502,2012-05-16,yaz,2012,5,0,3,1,1,26.103347,29.798750000000000,69.7917,8.208304,7424
502,503,2012-05-17,yaz,2012,5,0,4,1,1,24.326653,28.630650000000000,52.0,15.374825000000000,7384
503,504,2012-05-18,yaz,2012,5,0,5,1,1,23.130847,27.55605,52.33330000000000,9.166739,7639
504,505,2012-05-19,yaz,2012,5,0,6,0,1,24.600000000000000,28.345400000000000,45.625,5.626325,8294
505,506,2012-05-20,yaz,2012,5,0,0,0,1,25.454153000000000,29.19835,53.041700000000000,17.042589,7129
506,507,2012-05-21,yaz,2012,5,0,1,1,2,24.531653,28.283350000000000,81.125,15.624668,4359
507,508,2012-05-22,yaz,2012,5,0,2,1,2,25.215,29.04125,76.5833,7.9171890000000000,6073
508,509,2012-05-23,yaz,2012,5,0,3,1,2,25.488347000000000,29.230600000000000,77.45830000000000,6.834,5260
509,510,2012-05-24,yaz,2012,5,0,4,1,1,26.855,30.335,71.6667,11.584032000000000,6770
510,511,2012-05-25,yaz,2012,5,0,5,1,1,27.880000000000000,31.37645,74.7083,9.41685,6734
511,512,2012-05-26,yaz,2012,5,0,6,0,1,28.392500000000000,32.134800000000000,73.25,13.332464,6536
512,513,2012-05-27,yaz,2012,5,0,0,0,1,28.29,32.07125,69.7083,14.416457,6591
513,514,2012-05-28,yaz,2012,5,1,1,0,1,29.212500000000000,33.965,67.625,13.166907,6043
514,515,2012-05-29,yaz,2012,5,0,2,1,1,29.622500000000000,33.6496,68.4583,19.7918,5743
515,516,2012-05-30,yaz,2012,5,0,3,1,2,26.923347,30.55645,67.0,9.000043,6855
516,517,2012-05-31,yaz,2012,5,0,4,1,1,27.880000000000000,31.566450000000000,49.2917,13.083693,7338
517,518,2012-06-01,yaz,2012,6,0,5,1,2,26.820847,30.3981,75.5417,15.916721,4127
518,519,2012-06-02,yaz,2012,6,0,6,0,1,23.916653,28.3144,54.9167,12.499654000000000,8120
519,520,2012-06-03,yaz,2012,6,0,0,0,1,24.7025,28.75665,49.333300000000000,12.333829,7641
520,521,2012-06-04,yaz,2012,6,0,1,1,1,24.497500000000000,28.91415,48.7083,19.083811,6998
521,522,2012-06-05,yaz,2012,6,0,2,1,2,22.174153,26.294600000000000,61.3333,14.041525,7001
522,523,2012-06-06,yaz,2012,6,0,3,1,1,22.720847,27.1146,61.12500000000000,5.167375,7055
523,524,2012-06-07,yaz,2012,6,0,4,1,1,24.7025,28.4721,56.7083,10.542450000000000,7494
524,525,2012-06-08,yaz,2012,6,0,5,1,1,26.615847000000000,29.8931,46.791700000000000,11.750661,7736
525,526,2012-06-09,yaz,2012,6,0,6,0,1,29.144153000000000,32.418350000000000,43.7083,9.667229,7498
526,527,2012-06-10,yaz,2012,6,0,0,0,1,29.793347000000000,33.175850000000000,53.833300000000000,8.959307,6598
527,528,2012-06-11,yaz,2012,6,0,1,1,2,29.554153,32.98605,58.791700000000000,13.916771,6664
528,529,2012-06-12,yaz,2012,6,0,2,1,2,26.786653000000000,29.89375,83.3333,14.374582,4972
529,530,2012-06-13,yaz,2012,6,0,3,1,1,26.889153,30.55585,58.2083,22.999693,7421
530,531,2012-06-14,yaz,2012,6,0,4,1,1,26.581653000000000,31.219150000000000,56.958300000000000,17.000111,7363
531,532,2012-06-15,yaz,2012,6,0,5,1,1,26.205847000000000,29.9877,58.958300000000000,11.833339,7665
532,533,2012-06-16,yaz,2012,6,0,6,0,1,25.898347000000000,29.735400000000000,50.416700000000000,11.166689,7702
533,534,2012-06-17,yaz,2012,6,0,0,0,1,24.2925,28.59875,59.875,9.708568,6978
534,535,2012-06-18,yaz,2012,6,0,1,1,2,23.301653000000000,27.2421,77.79170000000000,11.707982000000000,5099
535,536,2012-06-19,yaz,2012,6,0,2,1,1,28.221653,32.7346,69.0,9.917139,6825
536,537,2012-06-20,yaz,2012,6,0,3,1,1,32.082500000000000,36.04875,59.2083,7.625404000000000,6211
537,538,2012-06-21,sonbahar,2012,6,0,4,1,1,33.039153,37.6271,56.7917,7.958729000000000,5905
538,539,2012-06-22,sonbahar,2012,6,0,5,1,1,?,36.20605,57.375,12.250414000000000,5823
539,540,2012-06-23,sonbahar,2012,6,0,6,0,1,29.998347,32.6396,53.4583,12.041307,7458
540,541,2012-06-24,sonbahar,2012,6,0,0,0,1,30.476653000000000,33.7127,47.9167,9.750175000000000,6891
541,542,2012-06-25,sonbahar,2012,6,0,1,1,1,29.349153000000000,32.7021,50.416700000000000,20.125661,6779
542,543,2012-06-26,sonbahar,2012,6,0,2,1,1,25.864153000000000,29.7352,37.333300000000000,23.292014,7442
543,544,2012-06-27,sonbahar,2012,6,0,3,1,1,28.5975,32.0396,36.0,18.208925,7335
544,545,2012-06-28,sonbahar,2012,6,0,4,1,1,30.715847,33.7756,42.25,11.50055,6879
545,546,2012-06-29,sonbahar,2012,6,0,5,1,1,34.200847,39.33065,48.875,11.082939000000000,5463
546,547,2012-06-30,sonbahar,2012,6,0,6,0,1,31.365000000000000,34.3754,60.12500000000000,10.791757000000000,5687
547,548,2012-07-01,sonbahar,2012,7,0,0,0,1,33.449153,37.53145,51.87500000000000,11.291443,5531
548,549,2012-07-02,sonbahar,2012,7,0,1,1,1,32.048347,35.1019,44.7083,13.082889,6227
549,550,2012-07-03,sonbahar,2012,7,0,2,1,1,32.014153,35.1325,49.2083,8.457879000000000,6660
550,551,2012-07-04,sonbahar,2012,7,1,3,0,1,32.355847,36.61685,53.87500000000000,9.041650000000000,7403
551,552,2012-07-05,sonbahar,2012,7,0,4,1,1,33.9275,38.06835,45.7917,12.999943,6241
552,553,2012-07-06,sonbahar,2012,7,0,5,1,1,33.961653,37.62665,45.0833,9.791514,6207
553,554,2012-07-07,sonbahar,2012,7,0,6,0,1,35.328347,40.24565,49.2083,10.958118,4840
554,555,2012-07-08,sonbahar,2012,7,0,0,0,1,33.722500000000000,39.5198,57.375,8.417143,4672
555,556,2012-07-09,sonbahar,2012,7,0,1,1,2,29.144153000000000,32.7027,68.3333,12.125325,6569
556,557,2012-07-10,sonbahar,2012,7,0,2,1,2,29.554153,33.2398,66.75,10.166379,6290
557,558,2012-07-11,sonbahar,2012,7,0,3,1,1,29.383347,32.51355,63.3333,10.166111000000000,7264
558,559,2012-07-12,sonbahar,2012,7,0,4,1,1,29.349153000000000,32.73415,52.9583,9.833925000000000,7446
559,560,2012-07-13,sonbahar,2012,7,0,5,1,2,29.998347,33.39665,48.5833,5.41695,7499
560,561,2012-07-14,sonbahar,2012,7,0,6,0,2,28.836653,33.3021,69.91670000000000,9.626493,6969
561,562,2012-07-15,sonbahar,2012,7,0,0,0,1,30.579153000000000,35.259800000000000,71.7917,11.166689,6031
562,563,2012-07-16,sonbahar,2012,7,0,1,1,1,31.296653000000000,36.206250000000000,64.5,11.000529,6830
563,564,2012-07-17,sonbahar,2012,7,0,2,1,1,33.551653,37.78415,50.583300000000000,7.666743,6786
564,565,2012-07-18,sonbahar,2012,7,0,3,1,1,32.526653000000000,37.27915,57.7083,9.208614,5713
565,566,2012-07-19,sonbahar,2012,7,0,4,1,1,31.57,35.7321,60.0417,11.083743,6591
566,567,2012-07-20,sonbahar,2012,7,0,5,1,2,27.299153,30.65125,84.4167,14.000789000000000,5870
567,568,2012-07-21,sonbahar,2012,7,0,6,0,3,24.429153,27.495600000000000,86.5417,14.2911,4459
568,569,2012-07-22,sonbahar,2012,7,0,0,0,2,27.3675,31.156250000000000,76.25,6.292693600000000,7410
569,570,2012-07-23,sonbahar,2012,7,0,1,1,1,30.408347,34.50085,69.41670000000000,9.291761,6966
570,571,2012-07-24,sonbahar,2012,7,0,2,1,1,30.784153,35.3225,65.5,14.167418,7592
571,572,2012-07-25,sonbahar,2012,7,0,3,1,1,29.690847,32.7027,45.0,11.0416,8173
572,573,2012-07-26,sonbahar,2012,7,0,4,1,1,31.843347,36.96315,59.666700000000000,19.082471,6861
573,574,2012-07-27,sonbahar,2012,7,0,5,1,1,32.048347,36.71085,59.458300000000000,10.250464000000000,6904
574,575,2012-07-28,sonbahar,2012,7,0,6,0,1,30.989153000000000,34.8802,61.3333,10.542450000000000,6685
575,576,2012-07-29,sonbahar,2012,7,0,0,0,1,29.588347000000000,33.39665,62.375,11.416532,6597
576,577,2012-07-30,sonbahar,2012,7,0,1,1,1,29.964153,34.24935,66.875,10.292339,7105
577,578,2012-07-31,sonbahar,2012,7,0,2,1,1,29.246653,33.144800000000000,70.41670000000000,11.083475,7216
578,579,2012-08-01,sonbahar,2012,8,0,3,1,1,29.4175,33.3654,67.75,9.458993,7580
579,580,2012-08-02,sonbahar,2012,8,0,4,1,1,30.8525,35.354400000000000,65.95830000000000,8.666718,7261
580,581,2012-08-03,sonbahar,2012,8,0,5,1,2,31.399153,36.143350000000000,64.25,14.458064,7175
581,582,2012-08-04,sonbahar,2012,8,0,6,0,1,32.526653000000000,37.56335,61.3333,17.249686,6824
582,583,2012-08-05,sonbahar,2012,8,0,0,0,1,31.535847,36.55395,65.25,19.458207000000000,5464
583,584,2012-08-06,sonbahar,2012,8,0,1,1,2,30.8525,35.5123,65.4167,8.666718,7013
584,585,2012-08-07,sonbahar,2012,8,0,2,1,2,30.169153000000000,34.88105,70.375,7.8328360000000000,7273
585,586,2012-08-08,sonbahar,2012,8,0,3,1,2,30.75,35.385850000000000,67.29170000000000,7.4169,7534
586,587,2012-08-09,sonbahar,2012,8,0,4,1,1,30.989153000000000,34.9754,62.0417,10.458700000000000,7286
587,588,2012-08-10,sonbahar,2012,8,0,5,1,2,29.349153000000000,33.3971,71.5833,16.000471,5786
588,589,2012-08-11,sonbahar,2012,8,0,6,0,2,28.392500000000000,31.91335,73.2917,13.834093,6299
589,590,2012-08-12,sonbahar,2012,8,0,0,0,1,28.734153000000000,32.22895,53.041700000000000,8.208304,6544
590,591,2012-08-13,sonbahar,2012,8,0,1,1,1,29.554153,33.112700000000000,54.541700000000000,9.126204,6883
591,592,2012-08-14,sonbahar,2012,8,0,2,1,1,29.793347000000000,33.838950000000000,68.6667,11.333586,6784
592,593,2012-08-15,sonbahar,2012,8,0,3,1,1,28.973347,32.70185,61.9583,11.374657000000000,7347
593,594,2012-08-16,sonbahar,2012,8,0,4,1,1,29.485847,32.7344,51.916700000000000,9.500332,7605
594,595,2012-08-17,sonbahar,2012,8,0,5,1,1,29.656653,12.120000000000000,57.0833,15.500718,7148
595,596,2012-08-18,sonbahar,2012,8,0,6,0,1,27.811653,30.903550000000000,60.3333,11.917089,7865
596,597,2012-08-19,sonbahar,2012,8,0,0,0,2,26.069153,30.1777,71.1667,5.79215,4549
597,598,2012-08-20,sonbahar,2012,8,0,1,1,2,26.069153,29.798350000000000,73.4167,8.708593000000000,6530
598,599,2012-08-21,sonbahar,2012,8,0,2,1,1,26.615847000000000,30.051250000000000,67.375,4.875643600000000,7006
599,600,2012-08-22,sonbahar,2012,8,0,3,1,1,27.3675,31.0927,67.7083,4.708981100000000,7375
600,601,2012-08-23,sonbahar,2012,8,0,4,1,1,28.529153,31.8504,63.5833,5.667918600000000,7765
601,602,2012-08-24,sonbahar,2012,8,0,5,1,2,28.802500000000000,32.355000000000000,61.5,4.833768600000000,7582
602,603,2012-08-25,sonbahar,2012,8,0,6,0,2,27.128347,30.934800000000000,71.2917,16.375336,6053
603,604,2012-08-26,sonbahar,2012,8,0,0,0,2,26.786653000000000,29.799800000000000,84.5833,15.333486,5255
604,605,2012-08-27,sonbahar,2012,8,0,1,1,1,28.836653,32.7344,73.04170000000000,8.625111000000000,6917
605,606,2012-08-28,sonbahar,2012,8,0,2,1,1,29.861653,33.3025,62.0,12.791975,7040
606,607,2012-08-29,sonbahar,2012,8,0,3,1,1,28.085,31.786650000000000,55.2083,7.541654000000000,7697
607,608,2012-08-30,sonbahar,2012,8,0,4,1,1,28.973347,32.63895,59.0417,5.1668189,7713
608,609,2012-08-31,sonbahar,2012,8,0,5,1,1,31.330847000000000,34.47,58.75,11.291711,7350
609,610,2012-09-01,sonbahar,2012,9,0,6,0,2,30.886653000000000,35.1327,63.8333,7.5835290000000000,6140
610,611,2012-09-02,sonbahar,2012,9,0,0,0,2,28.563347,32.45,81.5,4.2927436000000000,5810
611,612,2012-09-03,sonbahar,2012,9,1,1,0,1,29.0075,33.081450000000000,79.0833,10.125107,6034
612,613,2012-09-04,sonbahar,2012,9,0,2,1,1,29.759153000000000,34.3444,75.5,15.833507,6864
613,614,2012-09-05,sonbahar,2012,9,0,3,1,1,30.203347000000000,35.44915,74.125,12.583136,7112
614,615,2012-09-06,sonbahar,2012,9,0,4,1,2,28.563347,32.766450000000000,81.0417,9.542207,6203
615,616,2012-09-07,sonbahar,2012,9,0,5,1,1,28.836653,32.8602,73.625,11.500282,7504
616,617,2012-09-08,sonbahar,2012,9,0,6,0,2,27.025847000000000,30.556050000000000,79.91670000000000,18.833968000000000,5976
617,618,2012-09-09,sonbahar,2012,9,0,0,0,1,25.010000000000000,28.946250000000000,54.75,15.041232,8227
618,619,2012-09-10,sonbahar,2012,9,0,1,1,1,23.916653,28.2827,50.375,17.333771000000000,7525
619,620,2012-09-11,sonbahar,2012,9,0,2,1,1,23.677500000000000,27.7146,52.0,6.167631400000000,7767
620,621,2012-09-12,sonbahar,2012,9,0,3,1,1,24.565847,28.50375,57.7083,8.833682,7870
621,622,2012-09-13,sonbahar,2012,9,0,4,1,1,25.1125,28.9779,63.708300000000000,5.542293600000000,7804
622,623,2012-09-14,sonbahar,2012,9,0,5,1,1,25.966653,29.704150000000000,67.25,6.958821,8009
623,624,2012-09-15,sonbahar,2012,9,0,6,0,1,24.941653000000000,29.29335,50.1667,16.583907,8714
624,625,2012-09-16,sonbahar,2012,9,0,0,0,1,23.780000000000000,28.15625,57.00000000000000,6.0422811,7333
625,626,2012-09-17,sonbahar,2012,9,0,1,1,2,23.814153,27.652500000000000,73.4583,10.166714,6869
626,627,2012-09-18,sonbahar,2012,9,0,2,1,2,25.556653,28.253350000000000,87.25,23.958329,4073
627,628,2012-09-19,sonbahar,2012,9,0,3,1,1,22.6525,27.0202,53.6667,14.416725,7591
628,629,2012-09-20,sonbahar,2012,9,0,4,1,1,22.413347,26.6096,61.8333,7.9171890000000000,7720
629,630,2012-09-21,sonbahar,2012,9,0,5,1,1,24.565847,28.59855,66.875,10.333343000000000,8167
630,631,2012-09-22,sonbahar,2012,9,0,6,0,1,26.650000000000000,30.5244,64.6667,19.000061,8395
631,632,2012-09-23,kış,2012,9,0,0,0,1,21.695847,25.946650000000000,46.708300000000000,14.958286,7907
632,633,2012-09-24,kış,2012,9,0,1,1,1,21.080847000000000,25.12565,49.2917,9.541068000000000,7436
633,634,2012-09-25,kış,2012,9,0,2,1,1,22.55,27.208950000000000,57.00000000000000,15.833507,7538
634,635,2012-09-26,kış,2012,9,0,3,1,1,26.035,29.830650000000000,63.083300000000000,16.3748,7733
635,636,2012-09-27,kış,2012,9,0,4,1,2,26.650000000000000,30.398750000000000,69.08330000000000,9.000914000000000,7393
636,637,2012-09-28,kış,2012,9,0,5,1,2,25.385847000000000,29.29315,69.0,10.999993,7415
637,638,2012-09-29,kış,2012,9,0,6,0,1,22.2425,26.5148,54.2917,15.249468,8555
638,639,2012-09-30,kış,2012,9,0,0,0,1,21.593347,25.88315,58.3333,9.042186,6889
639,640,2012-10-01,kış,2012,10,0,1,1,2,21.354153,25.6,64.9167,6.083881400000000,6778
640,641,2012-10-02,kış,2012,10,0,2,1,3,24.224153000000000,27.116650000000000,87.16670000000000,6.9998250000000000,4639
641,642,2012-10-03,kış,2012,10,0,3,1,2,26.9575,29.95665,79.375,4.4585686,7572
642,643,2012-10-04,kış,2012,10,0,4,1,2,26.9575,30.398750000000000,72.2917,7.875582,7328
643,644,2012-10-05,kış,2012,10,0,5,1,1,25.215,29.00935,62.75000000000000,7.12545,8156
644,645,2012-10-06,kış,2012,10,0,6,0,1,22.720847,26.92605,66.41670000000000,17.957675000000000,7965
645,646,2012-10-07,kış,2012,10,0,0,0,2,17.049153,20.99065,70.8333,9.457854,3510
646,647,2012-10-08,kış,2012,10,1,1,0,2,15.716653000000000,19.3804,70.9583,12.708493000000000,5478
647,648,2012-10-09,kış,2012,10,0,2,1,2,18.313347,21.9056,76.16670000000000,12.7501,6392
648,649,2012-10-10,kış,2012,10,0,3,1,1,21.080847000000000,25.1571,63.083300000000000,12.584007000000000,7691
649,650,2012-10-11,kış,2012,10,0,4,1,1,17.835,21.55835,46.3333,12.166932000000000,7570
650,651,2012-10-12,kış,2012,10,0,5,1,1,17.9375,21.65355,53.91670000000000,15.751164,7282
651,652,2012-10-13,kış,2012,10,0,6,0,1,16.126653,19.5698,49.4583,9.791514,7109
652,653,2012-10-14,kış,2012,10,0,0,0,1,21.388347,25.4102,64.0417,18.667004,6639
653,654,2012-10-15,kış,2012,10,0,1,1,2,23.028347,26.9575,70.75,19.834479000000000,5875
654,655,2012-10-16,kış,2012,10,0,2,1,1,19.201653,23.042300000000000,55.833300000000000,12.208807,7534
655,656,2012-10-17,kış,2012,10,0,3,1,1,18.689153,22.5054,69.2917,6.791857,7461
656,657,2012-10-18,kış,2012,10,0,4,1,2,21.4225,25.63125,72.8333,15.874779000000000,7509
657,658,2012-10-19,kış,2012,10,0,5,1,2,23.096653,26.894800000000000,81.5,9.041918000000000,5424
658,659,2012-10-20,kış,2012,10,0,6,0,1,19.850847,23.6421,57.2917,7.874979000000000,8090
659,660,2012-10-21,kış,2012,10,0,0,0,1,19.030847,22.82145,51.0,11.125618000000000,6824
660,661,2012-10-22,kış,2012,10,0,1,1,1,19.9875,24.1471,56.833300000000000,5.459381100000000,7058
661,662,2012-10-23,kış,2012,10,0,2,1,1,22.310847,26.5152,64.16670000000000,6.334568600000000,7466
662,663,2012-10-24,kış,2012,10,0,3,1,1,24.087500000000000,27.93605,63.625,4.876206400000000,7693
663,664,2012-10-25,kış,2012,10,0,4,1,2,22.55,26.4844,80.0417,8.333125,7359
664,665,2012-10-26,kış,2012,10,0,5,1,2,?,26.137500000000000,80.7083,8.875289,7444
665,666,2012-10-27,kış,2012,10,0,6,0,2,21.73,25.756650000000000,72.0,15.791364000000000,7852
666,667,2012-10-28,kış,2012,10,0,0,0,2,19.5775,23.38855,69.4583,26.666536000000000,4459
667,668,2012-10-29,kış,2012,10,0,1,1,3,18.04,21.97,88.0,23.9994,22
668,669,2012-10-30,kış,2012,10,0,2,1,2,13.045462,15.49545,82.54550000000000,14.271603,1096
669,670,2012-10-31,kış,2012,10,0,3,1,2,14.657500000000000,18.055,66.6667,11.166689,5566
670,671,2012-11-01,kış,2012,11,0,4,1,2,14.999153000000000,18.4971,58.166700000000000,10.542182,5986
671,672,2012-11-02,kış,2012,11,0,5,1,1,14.555,17.802100000000000,52.208300000000000,17.833725,5847
672,673,2012-11-03,kış,2012,11,0,6,0,2,14.076653,16.1923,49.125,18.125443,5138
673,674,2012-11-04,kış,2012,11,0,0,0,1,13.359153,16.4769,53.2917,12.000236,5107
674,675,2012-11-05,kış,2012,11,0,1,1,1,13.085847000000000,15.403750000000000,49.416700000000000,15.833775000000000,5259
675,676,2012-11-06,kış,2012,11,0,2,1,1,11.514153,14.07835,56.7083,11.625371,5686
676,677,2012-11-07,kış,2012,11,0,3,1,2,12.129153,13.73105,54.75,20.375236,5035
677,678,2012-11-08,kış,2012,11,0,4,1,1,14.439134,17.09455,33.3478,23.304945,5315
678,679,2012-11-09,kış,2012,11,0,5,1,1,14.828347,17.770650000000000,54.0833,14.375386,5992
679,680,2012-11-10,kış,2012,11,0,6,0,1,15.955847000000000,19.696850000000000,64.5417,3.8756686000000000,6536
680,681,2012-11-11,kış,2012,11,0,0,0,1,17.254153000000000,21.08565,65.9167,8.5425,6852
681,682,2012-11-12,kış,2012,11,1,1,0,1,19.885000000000000,23.76915,74.16670000000000,11.625639,6269
682,683,2012-11-13,kış,2012,11,0,2,1,2,14.076653,16.16125,66.29170000000000,22.917082,4094
683,684,2012-11-14,kış,2012,11,0,3,1,1,11.855847,14.07815,55.2083,13.374875,5495
684,685,2012-11-15,kış,2012,11,0,4,1,2,13.188347000000000,16.2246,62.0417,10.250129,5445
685,686,2012-11-16,kış,2012,11,0,5,1,1,14.145,17.3602,52.4583,11.458675000000000,5698
686,687,2012-11-17,kış,2012,11,0,6,0,1,13.325000000000000,16.31915,54.541700000000000,12.041843,5629
687,688,2012-11-18,kış,2012,11,0,0,0,1,14.0425,16.8873,69.2917,15.250004000000000,4669
688,689,2012-11-19,kış,2012,11,0,1,1,2,15.614153000000000,18.78105,62.3333,15.749489,5499
689,690,2012-11-20,kış,2012,11,0,2,1,2,15.340847000000000,19.033350000000000,68.5,5.542575,5634
690,691,2012-11-21,kış,2012,11,0,3,1,1,14.486653,18.2446,61.375,6.917482000000000,5146
691,692,2012-11-22,kış,2012,11,1,4,0,1,13.940000000000000,17.518550000000000,58.0417,3.5423436000000000,2425
692,693,2012-11-23,kış,2012,11,0,5,1,1,15.101653000000000,18.93895,56.875,9.917407,3910
693,694,2012-11-24,kış,2012,11,0,6,0,1,11.411653,12.437100000000000,40.458300000000000,25.250357,2277
694,695,2012-11-25,kış,2012,11,0,0,0,1,10.079153,12.879150000000000,46.8333,10.083500000000000,2424
695,696,2012-11-26,kış,2012,11,0,1,1,1,12.846653000000000,16.9502,53.541700000000000,3.1255500000000000,5087
696,697,2012-11-27,kış,2012,11,0,2,1,2,11.958347,14.0779,78.6667,15.916654,3959
697,698,2012-11-28,kış,2012,11,0,3,1,1,12.163347,14.488100000000000,50.625,14.125007,5260
698,699,2012-11-29,kış,2012,11,0,4,1,1,11.51567,14.9211,55.565200000000000,7.739974,5323
699,700,2012-11-30,kış,2012,11,0,5,1,1,12.231653000000000,16.193350000000000,64.95830000000000,3.9175436000000000,5668
700,701,2012-12-01,kış,2012,12,0,6,0,2,12.231653000000000,15.8452,80.6667,4.0001814,5191
701,702,2012-12-02,kış,2012,12,0,0,0,2,14.247500000000000,17.9604,82.3333,8.333393,4649
702,703,2012-12-03,kış,2012,12,0,1,1,1,18.552500000000000,22.7898,76.75,5.542293600000000,6234
703,704,2012-12-04,kış,2012,12,0,2,1,1,19.509153,23.4527,73.375,11.666643,6606
704,705,2012-12-05,kış,2012,12,0,3,1,1,17.971653,21.4006,48.5,21.709407,5729
705,706,2012-12-06,kış,2012,12,0,4,1,1,10.489153000000000,12.9102,50.875,11.708518,5375
706,707,2012-12-07,kış,2012,12,0,5,1,2,13.154153000000000,16.0979,76.4167,8.7502,5008
707,708,2012-12-08,kış,2012,12,0,6,0,2,15.648347000000000,19.475400000000000,91.125,6.792393,5582
708,709,2012-12-09,kış,2012,12,0,0,0,2,15.750847000000000,19.5073,90.5417,10.584325,3228
709,710,2012-12-10,kış,2012,12,0,1,1,2,17.869153000000000,21.77875,92.5,12.750636,5170
710,711,2012-12-11,kış,2012,12,0,2,1,2,14.486653,16.91815,59.666700000000000,19.834479000000000,5501
711,712,2012-12-12,kış,2012,12,0,3,1,2,12.1975,14.8669,53.833300000000000,10.916779,5319
712,713,2012-12-13,kış,2012,12,0,4,1,1,12.129153,14.7094,48.5833,11.666643,5532
713,714,2012-12-14,kış,2012,12,0,5,1,1,11.548347,14.7096,64.29170000000000,8.792343000000000,5611
714,715,2012-12-15,kış,2012,12,0,6,0,1,13.290847,16.91915,65.0417,7.12545,5047
715,716,2012-12-16,kış,2012,12,0,0,0,2,14.862500000000000,18.4969,83.875,6.749714,3786
716,717,2012-12-17,kış,2012,12,0,1,1,2,16.126653,20.075000000000000,90.7083,6.583306100000000,4585
717,718,2012-12-18,kış,2012,12,0,2,1,1,16.844153,20.485400000000000,66.625,14.834068000000000,5557
718,719,2012-12-19,kış,2012,12,0,3,1,1,13.6325,17.108100000000000,62.5417,12.334164000000000,5267
719,720,2012-12-20,kış,2012,12,0,4,1,2,13.530000000000000,16.760850000000000,66.79170000000000,8.875021,4128
720,721,2012-12-21,bahar,2012,12,0,5,1,2,13.393347000000000,15.08835,55.666700000000000,25.083661,3623
721,722,2012-12-22,bahar,2012,12,0,6,0,1,10.899153,11.80565,44.125,27.292182,1749
722,723,2012-12-23,bahar,2012,12,0,0,0,1,10.079153,12.97355,51.5417,8.916561000000000,1787
723,724,2012-12-24,bahar,2012,12,0,1,1,2,9.483464,12.945,79.1304,5.1744368,920
724,725,2012-12-25,bahar,2012,12,1,2,0,2,11.943464,14.723250000000000,73.47830000000000,11.304642,1013
725,726,2012-12-26,bahar,2012,12,0,3,1,3,?,11.01665,82.3333,21.208582,441
726,727,2012-12-27,bahar,2012,12,0,4,1,2,10.420847000000000,11.3321,65.29170000000000,23.458911000000000,2114
727,728,2012-12-28,bahar,2012,12,0,5,1,2,10.386653000000000,12.7523,59.0,10.416557,3095
728,729,2012-12-29,bahar,2012,12,0,6,0,2,10.386653000000000,12.120000000000000,75.2917,8.333661,1341
729,730,2012-12-30,bahar,2012,12,0,0,0,1,10.489153000000000,11.585000000000000,48.3333,23.500518,1796
730,731,2012-12-31,bahar,2012,12,0,1,1,2,8.849153,11.17435,57.75,10.374682,2729